Categorias de Productos;Subcategorias de Productos
Accesorios y repuestos de vehiculos;Accesorios y repuestos de motos
Accesorios y repuestos de vehiculos;Accesorios y repuestos de autos
Accesorios y repuestos de vehiculos;Accesorios y repuestos de  bicicletas
Sector Agro;Accesorios y insumos para el Agro
Alimentos y Bebidas;Kioscos y Despensas
Alimentos y Bebidas;Carnicerias
Alimentos y Bebidas;Pollerias
Alimentos y Bebidas;Verdulerias
Alimentos y Bebidas;Panaderias
Alimentos y Bebidas;Fiambrerias
Alimentos y Bebidas;Naturistas
Mascotas;Ropa para mascotas
Mascotas;Alimentos para mascotas
Mascotas;Criaderos
Arte y manualidades;Librerias
Arte y manualidades;Mercerias
Vehiculos;Autos Nuevos
Vehiculos;Autos Usados
Vehiculos;Motos Nuevas
Vehiculos;Motos Usadas
Vehiculos;Bicicletas
Bebes;Pańaleras
Bebes;Ropa para bebe
Cuidado personal;Farmacias
Cuidado personal;Maquillajes
Cuidado personal;Perfumes
Cuidado personal;Insumos para peluquerias
Cuidado personal;Ortopedias
Cuidado personal;Opticas
Productos tecnologicos;Accesorios para celulares
Productos tecnologicos;Celulares
Productos tecnologicos;Camaras
Productos tecnologicos;Notbooks
Productos tecnologicos;Computadoras
Productos tecnologicos;Accesorios para computacion
Productos tecnologicos;Consolas de Juegos
Productos tecnologicos;Televisores
Productos para la construccion;Aberturas
Productos para la construccion;Accesorios de construcción
Productos para la construccion;Bańos
Productos para la construccion;Insumos de electricidad
Productos para la construccion;Maquinaria para construcción
Productos para la construccion;Materiales de obra
Productos para la construccion;Pinturería
Productos para la construccion;Insumos para plomería
Productos deportivos;Articulos para hacer deporte
Productos deportivos;Ropa deportiva
Productos deportivos;Calzado deportivo
Electrodomesticos;Artefactos de cuidado personal
Electrodomesticos;Climatizacion
Electrodomesticos;Electrodomesticos para cocina
Electrodomesticos;Electrodomesticos de lavadero
Herramientas;Herramientas electricas
Herramientas;Herramientas manuales
Muebles;Muebles para dormitorios
Muebles;Muebles para cocina
Muebles;Muebles para living
Muebles;Muebles para jardin
Muebles;Decoracion para el hogar
Bazar;Bazar
Productos para empresas;Instalaciones comerciales
Productos para empresas;Insumos para empresas
Productos para empresas;Uniformes
Inmuebles;Casas
Inmuebles;Terrenos
Inmuebles;Departamentos
Inmuebles;Locales
Instrumentos Musicales;Instrumentos Musicales
Joyas;Joyas
Joyas;Relojes
Juguetes;Juguetes
Libros;Libros
Ropa;Ropa masculina
Ropa;Ropa femenina
Ropa;Ropa nińos
Ropa;Calzado masculino
Ropa;Calzado femenino
Ropa;Blanqueria
Gastronomia;Hamburguesas
Gastronomia;Pizzas
Gastronomia;Sushi
Gastronomia;Empanadas
Gastronomia;Rotiserias
Gastronomia;Helados
Viveros;Plantas
Viveros;Insumos para plantas
